{"cameraMode":{"drawMode":0,"name":"Shaded","section":"Shading Mode"},"sceneLighting":false,"audioPlay":false,"sceneViewState":{"showFog":true,"showMaterialUpdate":false,"showSkybox":false,"showFlares":true,"showImageEffects":true,"showParticleSystems":true},"in2DMode":false,"pivot":{"x":-0.00009340047836303711,"y":0.912465512752533,"z":-0.048154473304748538},"rotation":{"x":0.007335307542234659,"y":0.983968198299408,"z":-0.04165637493133545,"w":0.1732652187347412},"size":1.566972017288208,"orthographic":false}